id,x,y,color
0,0.0,1.8,blue
0,0.0,-1.8,yellow
0,0.0,1.8,blue
0,0.0,-1.8,yellow
0,0.0,1.8,blue
0,0.0,-1.8,yellow
0,0.0,1.8,blue
0,0.0,-1.8,yellow
0,2.0,1.8,blue
0,2.0,-1.8,yellow
0,5.0,1.8,blue
0,5.0,-1.8,yellow
0,8.0,1.8,blue
0,8.0,-1.8,yellow
0,0.0,1.8,blue
0,2.0,-1.8,yellow
1,0.0,1.8,blue
1,0.0,-1.8,yellow
1,0.0,1.8,blue
1,0.0,-1.8,yellow
1,0.0,1.8,blue
1,0.0,-1.8,yellow
1,0.775,1.8,blue
1,0.775,-1.8,yellow
1,2.775,1.8,blue
1,2.775,-1.8,yellow
1,5.775,1.8,blue
1,5.775,-1.8,yellow
1,8.775,1.8,blue
1,8.775,-1.8,yellow
2,0.0,1.8,blue
2,0.0,-1.8,yellow
2,0.0,1.8,blue
2,0.0,-1.8,yellow
2,0.0,1.8,blue
2,0.0,-1.8,yellow
2,1.55,1.8,blue
2,1.55,-1.8,yellow
2,3.55,1.8,blue
2,3.55,-1.8,yellow
2,6.55,1.8,blue
2,6.55,-1.8,yellow
2,9.55,1.8,blue
2,9.55,-1.8,yellow
3,0.0,1.8,blue
3,0.0,-1.8,yellow
3,0.0,1.8,blue
3,0.0,-1.8,yellow
3,0.326,1.8,blue
3,0.326,-1.8,yellow
3,2.326,1.8,blue
3,2.326,-1.8,yellow
3,4.326,1.8,blue
3,4.326,-1.8,yellow
3,7.326,1.8,blue
3,7.326,-1.8,yellow
3,10.326,1.8,blue
3,10.326,-1.8,yellow
4,0.0,1.8,blue
4,0.0,-1.8,yellow
4,0.0,1.8,blue
4,0.0,-1.8,yellow
4,1.101,1.8,blue
4,1.101,-1.8,yellow
4,3.101,1.8,blue
4,3.101,-1.8,yellow
4,5.101,1.8,blue
4,5.101,-1.8,yellow
4,8.101,1.8,blue
4,8.101,-1.8,yellow
4,11.101,1.8,blue
4,11.101,-1.8,yellow
5,0.0,1.8,blue
5,0.0,-1.8,yellow
5,0.0,1.8,blue
5,0.0,-1.8,yellow
5,1.876,1.8,blue
5,1.876,-1.8,yellow
5,3.876,1.8,blue
5,3.876,-1.8,yellow
5,5.876,1.8,blue
5,5.876,-1.8,yellow
5,8.876,1.8,blue
5,8.876,-1.8,yellow
5,11.876,1.8,blue
5,11.876,-1.8,yellow
6,0.0,1.8,blue
6,0.0,-1.8,yellow
6,0.0,1.8,blue
6,0.0,-1.8,yellow
6,2.651,1.8,blue
6,2.651,-1.8,yellow
6,4.651,1.8,blue
6,4.651,-1.8,yellow
6,6.651,1.8,blue
6,6.651,-1.8,yellow
6,9.651,1.8,blue
6,9.651,-1.8,yellow
6,12.651,1.8,blue
6,12.651,-1.8,yellow
7,0.0,1.8,blue
7,0.0,-1.8,yellow
7,0.426,1.8,blue
7,0.426,-1.8,yellow
7,3.426,1.8,blue
7,3.426,-1.8,yellow
7,5.426,1.8,blue
7,5.426,-1.8,yellow
7,7.426,1.8,blue
7,7.426,-1.8,yellow
7,10.426,1.8,blue
7,10.426,-1.8,yellow
7,13.426,1.8,blue
7,13.426,-1.8,yellow
8,0.0,1.8,blue
8,0.0,-1.8,yellow
8,1.202,1.8,blue
8,1.202,-1.8,yellow
8,4.202,1.8,blue
8,4.202,-1.8,yellow
8,6.202,1.8,blue
8,6.202,-1.8,yellow
8,8.202,1.8,blue
8,8.202,-1.8,yellow
8,11.202,1.8,blue
8,11.202,-1.8,yellow
8,14.202,1.8,blue
8,14.202,-1.8,yellow
9,0.0,1.8,blue
9,0.0,-1.8,yellow
9,1.977,1.8,blue
9,1.977,-1.8,yellow
9,4.977,1.8,blue
9,4.977,-1.8,yellow
9,6.977,1.8,blue
9,6.977,-1.8,yellow
9,8.977,1.8,blue
9,8.977,-1.8,yellow
9,11.977,1.8,blue
9,11.977,-1.8,yellow
9,14.977,1.8,blue
9,14.977,-1.8,yellow
9,4.977,1.8,blue
10,0.0,1.8,blue
10,0.0,-1.8,yellow
10,2.752,1.8,blue
10,2.752,-1.8,yellow
10,5.752,1.8,blue
10,5.752,-1.8,yellow
10,7.752,1.8,blue
10,7.752,-1.8,yellow
10,9.752,1.8,blue
10,9.752,-1.8,yellow
10,12.752,1.8,blue
10,12.752,-1.8,yellow
10,15.752,1.8,blue
10,15.752,-1.8,yellow
11,0.527,1.8,blue
11,0.527,-1.8,yellow
11,3.527,1.8,blue
11,3.527,-1.8,yellow
11,6.527,1.8,blue
11,6.527,-1.8,yellow
11,8.527,1.8,blue
11,8.527,-1.8,yellow
11,10.527,1.8,blue
11,10.527,-1.8,yellow
11,13.527,1.8,blue
11,13.527,-1.8,yellow
11,16.527,1.8,blue
11,16.527,-1.8,yellow
12,1.302,1.8,blue
12,1.302,-1.8,yellow
12,4.302,1.8,blue
12,4.302,-1.8,yellow
12,7.302,1.8,blue
12,7.302,-1.8,yellow
12,9.302,1.8,blue
12,9.302,-1.8,yellow
12,11.302,1.8,blue
12,11.302,-1.8,yellow
12,14.302,1.8,blue
12,14.302,-1.8,yellow
12,17.302,1.8,blue
12,17.302,-1.8,yellow
13,2.078,1.8,blue
13,2.078,-1.8,yellow
13,5.078,1.8,blue
13,5.078,-1.8,yellow
13,8.078,1.8,blue
13,8.078,-1.8,yellow
13,10.078,1.8,blue
13,10.078,-1.8,yellow
13,12.078,1.8,blue
13,12.078,-1.8,yellow
13,15.078,1.8,blue
13,15.078,-1.8,yellow
13,18.078,1.8,blue
13,18.078,-1.8,yellow
14,2.853,1.8,blue
14,2.853,-1.8,yellow
14,5.853,1.8,blue
14,5.853,-1.8,yellow
14,8.853,1.8,blue
14,8.853,-1.8,yellow
14,10.853,1.8,blue
14,10.853,-1.8,yellow
14,12.853,1.8,blue
14,12.853,-1.8,yellow
14,15.853,1.8,blue
14,15.853,-1.8,yellow
14,18.853,1.8,blue
14,18.853,-1.8,yellow
14,12.853,-1.8,yellow
15,3.628,1.8,blue
15,3.628,-1.8,yellow
15,6.628,1.8,blue
15,6.628,-1.8,yellow
15,9.628,1.8,blue
15,9.628,-1.8,yellow
15,11.628,1.8,blue
15,11.628,-1.8,yellow
15,13.628,1.8,blue
15,13.628,-1.8,yellow
15,16.628,1.8,blue
15,16.628,-1.8,yellow
15,19.628,1.8,blue
15,19.628,-1.8,yellow
16,4.403,1.8,blue
16,4.403,-1.8,yellow
16,7.403,1.8,blue
16,7.403,-1.8,yellow
16,10.403,1.8,blue
16,10.403,-1.8,yellow
16,12.403,1.8,blue
16,12.403,-1.8,yellow
16,14.403,1.8,blue
16,14.403,-1.8,yellow
16,17.403,1.8,blue
16,17.403,-1.8,yellow
16,20.403,1.8,blue
16,20.403,-1.8,yellow
17,5.178,1.8,blue
17,5.178,-1.8,yellow
17,8.178,1.8,blue
17,8.178,-1.8,yellow
17,11.178,1.8,blue
17,11.178,-1.8,yellow
17,13.178,1.8,blue
17,13.178,-1.8,yellow
17,15.178,1.8,blue
17,15.178,-1.8,yellow
17,18.178,1.8,blue
17,18.178,-1.8,yellow
17,21.178,1.8,blue
17,21.178,-1.8,yellow
18,5.953,1.8,blue
18,5.953,-1.8,yellow
18,8.953,1.8,blue
18,8.953,-1.8,yellow
18,11.953,1.8,blue
18,11.953,-1.8,yellow
18,13.953,1.8,blue
18,13.953,-1.8,yellow
18,15.953,1.8,blue
18,15.953,-1.8,yellow
18,18.953,1.8,blue
18,18.953,-1.8,yellow
18,21.953,1.8,blue
18,21.953,-1.8,yellow
18,11.953,1.8,blue
19,6.729,1.8,blue
19,6.729,-1.8,yellow
19,9.729,1.8,blue
19,9.729,-1.8,yellow
19,12.729,1.8,blue
19,12.729,-1.8,yellow
19,14.729,1.8,blue
19,14.729,-1.8,yellow
19,16.729,1.8,blue
19,16.729,-1.8,yellow
19,19.729,1.8,blue
19,19.729,-1.8,yellow
19,22.729,1.8,blue
19,22.729,-1.8,yellow
20,7.504,1.8,blue
20,7.504,-1.8,yellow
20,10.504,1.8,blue
20,10.504,-1.8,yellow
20,13.504,1.8,blue
20,13.504,-1.8,yellow
20,15.504,1.8,blue
20,15.504,-1.8,yellow
20,17.504,1.8,blue
20,17.504,-1.8,yellow
20,20.504,1.8,blue
20,20.504,-1.8,yellow
20,23.504,1.8,blue
20,23.504,-1.8,yellow
21,8.279,1.8,blue
21,8.279,-1.8,yellow
21,11.279,1.8,blue
21,11.279,-1.8,yellow
21,14.279,1.8,blue
21,14.279,-1.8,yellow
21,16.279,1.8,blue
21,16.279,-1.8,yellow
21,18.279,1.8,blue
21,18.279,-1.8,yellow
21,21.279,1.8,blue
21,21.279,-1.8,yellow
21,24.279,1.8,blue
21,24.279,-1.8,yellow
22,9.054,1.8,blue
22,9.054,-1.8,yellow
22,12.054,1.8,blue
22,12.054,-1.8,yellow
22,15.054,1.8,blue
22,15.054,-1.8,yellow
22,17.054,1.8,blue
22,17.054,-1.8,yellow
22,19.054,1.8,blue
22,19.054,-1.8,yellow
22,22.054,1.8,blue
22,22.054,-1.8,yellow
22,25.054,1.8,blue
22,25.054,-1.8,yellow
23,9.829,1.8,blue
23,9.829,-1.8,yellow
23,12.829,1.8,blue
23,12.829,-1.8,yellow
23,15.829,1.8,blue
23,15.829,-1.8,yellow
23,17.829,1.8,blue
23,17.829,-1.8,yellow
23,19.829,1.8,blue
23,19.829,-1.8,yellow
23,22.829,1.8,blue
23,22.829,-1.8,yellow
23,25.829,1.8,blue
23,25.829,-1.8,yellow
24,10.605,1.8,blue
24,10.605,-1.8,yellow
24,13.605,1.8,blue
24,13.605,-1.8,yellow
24,16.605,1.8,blue
24,16.605,-1.8,yellow
24,18.605,1.8,blue
24,18.605,-1.8,yellow
24,20.605,1.8,blue
24,20.605,-1.8,yellow
24,23.605,1.8,blue
24,23.605,-1.8,yellow
24,26.605,1.8,blue
24,26.605,-1.8,yellow
25,11.38,1.8,blue
25,11.38,-1.8,yellow
25,14.38,1.8,blue
25,14.38,-1.8,yellow
25,17.38,1.8,blue
25,17.38,-1.8,yellow
25,19.38,1.8,blue
25,19.38,-1.8,yellow
25,21.38,1.8,blue
25,21.38,-1.8,yellow
25,24.38,1.8,blue
25,24.38,-1.8,yellow
25,27.38,1.8,blue
25,27.38,-1.8,yellow
26,12.155,1.8,blue
26,12.155,-1.8,yellow
26,15.155,1.8,blue
26,15.155,-1.8,yellow
26,18.155,1.8,blue
26,18.155,-1.8,yellow
26,20.155,1.8,blue
26,20.155,-1.8,yellow
26,22.155,1.8,blue
26,22.155,-1.8,yellow
26,25.155,1.8,blue
26,25.155,-1.8,yellow
26,28.155,1.8,blue
26,28.155,-1.8,yellow
27,12.93,1.8,blue
27,12.93,-1.8,yellow
27,15.93,1.8,blue
27,15.93,-1.8,yellow
27,18.93,1.8,blue
27,18.93,-1.8,yellow
27,20.93,1.8,blue
27,20.93,-1.8,yellow
27,22.93,1.8,blue
27,22.93,-1.8,yellow
27,25.93,1.8,blue
27,25.93,-1.8,yellow
27,28.93,1.8,blue
27,28.93,-1.8,yellow
27,18.93,1.8,blue
28,13.705,1.8,blue
28,13.705,-1.8,yellow
28,16.705,1.8,blue
28,16.705,-1.8,yellow
28,19.705,1.8,blue
28,19.705,-1.8,yellow
28,21.705,1.8,blue
28,21.705,-1.8,yellow
28,23.705,1.8,blue
28,23.705,-1.8,yellow
28,26.705,1.8,blue
28,26.705,-1.8,yellow
28,29.705,1.8,blue
28,29.705,-1.8,yellow
28,23.705,-1.8,yellow
29,14.481,1.8,blue
29,14.481,-1.8,yellow
29,17.481,1.8,blue
29,17.481,-1.8,yellow
29,20.481,1.8,blue
29,20.481,-1.8,yellow
29,22.481,1.8,blue
29,22.481,-1.8,yellow
29,24.481,1.8,blue
29,24.481,-1.8,yellow
29,27.481,1.8,blue
29,27.481,-1.8,yellow
29,30.481,1.8,blue
29,30.481,-1.8,yellow
30,15.256,1.8,blue
30,15.256,-1.8,yellow
30,18.256,1.8,blue
30,18.256,-1.8,yellow
30,21.256,1.8,blue
30,21.256,-1.8,yellow
30,23.256,1.8,blue
30,23.256,-1.8,yellow
30,25.256,1.8,blue
30,25.256,-1.8,yellow
30,28.256,1.8,blue
30,28.256,-1.8,yellow
30,31.256,1.8,blue
30,31.256,-1.8,yellow
31,16.031,1.8,blue
31,16.031,-1.8,yellow
31,19.031,1.8,blue
31,19.031,-1.8,yellow
31,22.031,1.8,blue
31,22.031,-1.8,yellow
31,24.031,1.8,blue
31,24.031,-1.8,yellow
31,26.031,1.8,blue
31,26.031,-1.8,yellow
31,29.031,1.8,blue
31,29.031,-1.8,yellow
31,32.031,1.8,blue
31,32.031,-1.8,yellow
32,16.806,1.8,blue
32,16.806,-1.8,yellow
32,19.806,1.8,blue
32,19.806,-1.8,yellow
32,22.806,1.8,blue
32,22.806,-1.8,yellow
32,24.806,1.8,blue
32,24.806,-1.8,yellow
32,26.806,1.8,blue
32,26.806,-1.8,yellow
32,29.806,1.8,blue
32,29.806,-1.8,yellow
32,32.806,1.8,blue
32,32.806,-1.8,yellow
33,17.581,1.8,blue
33,17.581,-1.8,yellow
33,20.581,1.8,blue
33,20.581,-1.8,yellow
33,23.581,1.8,blue
33,23.581,-1.8,yellow
33,25.581,1.8,blue
33,25.581,-1.8,yellow
33,27.581,1.8,blue
33,27.581,-1.8,yellow
33,30.581,1.8,blue
33,30.581,-1.8,yellow
33,33.581,1.8,blue
33,33.581,-1.8,yellow
34,18.357,1.8,blue
34,18.357,-1.8,yellow
34,21.357,1.8,blue
34,21.357,-1.8,yellow
34,24.357,1.8,blue
34,24.357,-1.8,yellow
34,26.357,1.8,blue
34,26.357,-1.8,yellow
34,28.357,1.8,blue
34,28.357,-1.8,yellow
34,31.357,1.8,blue
34,31.357,-1.8,yellow
34,34.357,1.8,blue
34,34.357,-1.8,yellow
35,19.132,1.8,blue
35,19.132,-1.8,yellow
35,22.132,1.8,blue
35,22.132,-1.8,yellow
35,25.132,1.8,blue
35,25.132,-1.8,yellow
35,27.132,1.8,blue
35,27.132,-1.8,yellow
35,29.132,1.8,blue
35,29.132,-1.8,yellow
35,32.132,1.8,blue
35,32.132,-1.8,yellow
35,35.132,1.8,blue
35,35.132,-1.8,yellow
36,19.907,1.8,blue
36,19.907,-1.8,yellow
36,22.907,1.8,blue
36,22.907,-1.8,yellow
36,25.907,1.8,blue
36,25.907,-1.8,yellow
36,27.907,1.8,blue
36,27.907,-1.8,yellow
36,29.907,1.8,blue
36,29.907,-1.8,yellow
36,32.907,1.8,blue
36,32.907,-1.8,yellow
36,35.907,1.8,blue
36,35.907,-1.8,yellow
36,25.907,1.8,blue
37,20.682,1.8,blue
37,20.682,-1.8,yellow
37,23.682,1.8,blue
37,23.682,-1.8,yellow
37,26.682,1.8,blue
37,26.682,-1.8,yellow
37,28.682,1.8,blue
37,28.682,-1.8,yellow
37,30.682,1.8,blue
37,30.682,-1.8,yellow
37,33.682,1.8,blue
37,33.682,-1.8,yellow
37,36.682,1.8,blue
37,36.682,-1.8,yellow
38,21.457,1.8,blue
38,21.457,-1.8,yellow
38,24.457,1.8,blue
38,24.457,-1.8,yellow
38,27.457,1.8,blue
38,27.457,-1.8,yellow
38,29.457,1.8,blue
38,29.457,-1.8,yellow
38,31.457,1.8,blue
38,31.457,-1.8,yellow
38,34.457,1.8,blue
38,34.457,-1.8,yellow
38,37.457,1.8,blue
38,37.457,-1.8,yellow
39,22.233,1.8,blue
39,22.233,-1.8,yellow
39,25.233,1.8,blue
39,25.233,-1.8,yellow
39,28.233,1.8,blue
39,28.233,-1.8,yellow
39,30.233,1.8,blue
39,30.233,-1.8,yellow
39,32.233,1.8,blue
39,32.233,-1.8,yellow
39,35.233,1.8,blue
39,35.233,-1.8,yellow
39,38.233,1.8,blue
39,38.233,-1.8,yellow
40,23.008,1.8,blue
40,23.008,-1.8,yellow
40,26.008,1.8,blue
40,26.008,-1.8,yellow
40,29.008,1.8,blue
40,29.008,-1.8,yellow
40,31.008,1.8,blue
40,31.008,-1.8,yellow
40,33.008,1.8,blue
40,33.008,-1.8,yellow
40,36.008,1.8,blue
40,36.008,-1.8,yellow
40,39.008,1.8,blue
40,39.008,-1.8,yellow
41,23.783,1.8,blue
41,23.783,-1.8,yellow
41,26.783,1.8,blue
41,26.783,-1.8,yellow
41,29.783,1.8,blue
41,29.783,-1.8,yellow
41,31.783,1.8,blue
41,31.783,-1.8,yellow
41,33.783,1.8,blue
41,33.783,-1.8,yellow
41,36.783,1.8,blue
41,36.783,-1.8,yellow
41,39.783,1.8,blue
41,39.783,-1.8,yellow
42,24.558,1.8,blue
42,24.558,-1.8,yellow
42,27.558,1.8,blue
42,27.558,-1.8,yellow
42,30.558,1.8,blue
42,30.558,-1.8,yellow
42,32.558,1.8,blue
42,32.558,-1.8,yellow
42,34.558,1.8,blue
42,34.558,-1.8,yellow
42,37.558,1.8,blue
42,37.558,-1.8,yellow
42,40.558,1.8,blue
42,40.558,-1.8,yellow
42,34.558,-1.8,yellow
43,25.333,1.8,blue
43,25.333,-1.8,yellow
43,28.333,1.8,blue
43,28.333,-1.8,yellow
43,31.333,1.8,blue
43,31.333,-1.8,yellow
43,33.333,1.8,blue
43,33.333,-1.8,yellow
43,35.333,1.8,blue
43,35.333,-1.8,yellow
43,38.333,1.8,blue
43,38.333,-1.8,yellow
43,41.333,1.8,blue
43,41.333,-1.8,yellow
44,26.109,1.8,blue
44,26.109,-1.8,yellow
44,29.109,1.8,blue
44,29.109,-1.8,yellow
44,32.109,1.8,blue
44,32.109,-1.8,yellow
44,34.109,1.8,blue
44,34.109,-1.8,yellow
44,36.109,1.8,blue
44,36.109,-1.8,yellow
44,39.109,1.8,blue
44,39.109,-1.8,yellow
44,42.109,1.8,blue
44,42.109,-1.8,yellow
45,26.884,1.8,blue
45,26.884,-1.8,yellow
45,29.884,1.8,blue
45,29.884,-1.8,yellow
45,32.884,1.8,blue
45,32.884,-1.8,yellow
45,34.884,1.8,blue
45,34.884,-1.8,yellow
45,36.884,1.8,blue
45,36.884,-1.8,yellow
45,39.884,1.8,blue
45,39.884,-1.8,yellow
45,42.884,1.8,blue
45,42.884,-1.8,yellow
45,32.884,1.8,blue
46,27.659,1.8,blue
46,27.659,-1.8,yellow
46,30.659,1.8,blue
46,30.659,-1.8,yellow
46,33.659,1.8,blue
46,33.659,-1.8,yellow
46,35.659,1.8,blue
46,35.659,-1.8,yellow
46,37.659,1.8,blue
46,37.659,-1.8,yellow
46,40.659,1.8,blue
46,40.659,-1.8,yellow
46,43.659,1.8,blue
46,43.659,-1.8,yellow
47,28.434,1.8,blue
47,28.434,-1.8,yellow
47,31.434,1.8,blue
47,31.434,-1.8,yellow
47,34.434,1.8,blue
47,34.434,-1.8,yellow
47,36.434,1.8,blue
47,36.434,-1.8,yellow
47,38.434,1.8,blue
47,38.434,-1.8,yellow
47,41.434,1.8,blue
47,41.434,-1.8,yellow
47,44.434,1.8,blue
47,44.434,-1.8,yellow
48,29.209,1.8,blue
48,29.209,-1.8,yellow
48,32.209,1.8,blue
48,32.209,-1.8,yellow
48,35.209,1.8,blue
48,35.209,-1.8,yellow
48,37.209,1.8,blue
48,37.209,-1.8,yellow
48,39.209,1.8,blue
48,39.209,-1.8,yellow
48,42.209,1.8,blue
48,42.209,-1.8,yellow
48,45.209,1.8,blue
48,45.209,-1.8,yellow
49,29.984,1.8,blue
49,29.984,-1.8,yellow
49,32.984,1.8,blue
49,32.984,-1.8,yellow
49,35.984,1.8,blue
49,35.984,-1.8,yellow
49,37.984,1.8,blue
49,37.984,-1.8,yellow
49,39.984,1.8,blue
49,39.984,-1.8,yellow
49,42.984,1.8,blue
49,42.984,-1.8,yellow
49,45.984,1.8,blue
49,45.984,-1.8,yellow
50,30.76,1.8,blue
50,30.76,-1.8,yellow
50,33.76,1.8,blue
50,33.76,-1.8,yellow
50,36.76,1.8,blue
50,36.76,-1.8,yellow
50,38.76,1.8,blue
50,38.76,-1.8,yellow
50,40.76,1.8,blue
50,40.76,-1.8,yellow
50,43.76,1.8,blue
50,43.76,-1.8,yellow
50,46.76,1.8,blue
50,46.76,-1.8,yellow
51,31.535,1.8,blue
51,31.535,-1.8,yellow
51,34.535,1.8,blue
51,34.535,-1.8,yellow
51,37.535,1.8,blue
51,37.535,-1.8,yellow
51,39.535,1.8,blue
51,39.535,-1.8,yellow
51,41.535,1.8,blue
51,41.535,-1.8,yellow
51,44.535,1.8,blue
51,44.535,-1.8,yellow
51,47.535,1.8,blue
51,47.535,-1.8,yellow
52,32.31,1.8,blue
52,32.31,-1.8,yellow
52,35.31,1.8,blue
52,35.31,-1.8,yellow
52,38.31,1.8,blue
52,38.31,-1.8,yellow
52,40.31,1.8,blue
52,40.31,-1.8,yellow
52,42.31,1.8,blue
52,42.31,-1.8,yellow
52,45.31,1.8,blue
52,45.31,-1.8,yellow
52,48.31,1.8,blue
52,48.31,-1.8,yellow
53,33.085,1.8,blue
53,33.085,-1.8,yellow
53,36.085,1.8,blue
53,36.085,-1.8,yellow
53,39.085,1.8,blue
53,39.085,-1.8,yellow
53,41.085,1.8,blue
53,41.085,-1.8,yellow
53,43.085,1.8,blue
53,43.085,-1.8,yellow
53,46.085,1.8,blue
53,46.085,-1.8,yellow
53,49.085,1.8,blue
53,49.085,-1.8,yellow
54,33.86,1.8,blue
54,33.86,-1.8,yellow
54,36.86,1.8,blue
54,36.86,-1.8,yellow
54,39.86,1.8,blue
54,39.86,-1.8,yellow
54,41.86,1.8,blue
54,41.86,-1.8,yellow
54,43.86,1.8,blue
54,43.86,-1.8,yellow
54,46.86,1.8,blue
54,46.86,-1.8,yellow
54,49.86,1.8,blue
54,49.86,-1.8,yellow
54,39.86,1.8,blue
55,34.636,1.8,blue
55,34.636,-1.8,yellow
55,37.636,1.8,blue
55,37.636,-1.8,yellow
55,40.636,1.8,blue
55,40.636,-1.8,yellow
55,42.636,1.8,blue
55,42.636,-1.8,yellow
55,44.636,1.8,blue
55,44.636,-1.8,yellow
55,47.636,1.8,blue
55,47.636,-1.8,yellow
55,50.636,1.8,blue
55,50.636,-1.8,yellow
56,35.411,1.8,blue
56,35.411,-1.8,yellow
56,38.411,1.8,blue
56,38.411,-1.8,yellow
56,41.411,1.8,blue
56,41.411,-1.8,yellow
56,43.411,1.8,blue
56,43.411,-1.8,yellow
56,45.411,1.8,blue
56,45.411,-1.8,yellow
56,48.411,1.8,blue
56,48.411,-1.8,yellow
56,51.411,1.8,blue
56,51.411,-1.8,yellow
56,45.411,-1.8,yellow
57,36.186,1.8,blue
57,36.186,-1.8,yellow
57,39.186,1.8,blue
57,39.186,-1.8,yellow
57,42.186,1.8,blue
57,42.186,-1.8,yellow
57,44.186,1.8,blue
57,44.186,-1.8,yellow
57,46.186,1.8,blue
57,46.186,-1.8,yellow
57,49.186,1.8,blue
57,49.186,-1.8,yellow
57,52.186,1.8,blue
57,52.186,-1.8,yellow
58,36.961,1.8,blue
58,36.961,-1.8,yellow
58,39.961,1.8,blue
58,39.961,-1.8,yellow
58,42.961,1.8,blue
58,42.961,-1.8,yellow
58,44.961,1.8,blue
58,44.961,-1.8,yellow
58,46.961,1.8,blue
58,46.961,-1.8,yellow
58,49.961,1.8,blue
58,49.961,-1.8,yellow
58,52.961,1.8,blue
58,52.961,-1.8,yellow
59,37.736,1.8,blue
59,37.736,-1.8,yellow
59,40.736,1.8,blue
59,40.736,-1.8,yellow
59,43.736,1.8,blue
59,43.736,-1.8,yellow
59,45.736,1.8,blue
59,45.736,-1.8,yellow
59,47.736,1.8,blue
59,47.736,-1.8,yellow
59,50.736,1.8,blue
59,50.736,-1.8,yellow
59,53.736,1.8,blue
59,53.736,-1.8,yellow
60,38.512,1.8,blue
60,38.512,-1.8,yellow
60,41.512,1.8,blue
60,41.512,-1.8,yellow
60,44.512,1.8,blue
60,44.512,-1.8,yellow
60,46.512,1.8,blue
60,46.512,-1.8,yellow
60,48.512,1.8,blue
60,48.512,-1.8,yellow
60,51.512,1.8,blue
60,51.512,-1.8,yellow
60,54.512,1.8,blue
60,54.512,-1.8,yellow
61,39.287,1.8,blue
61,39.287,-1.8,yellow
61,42.287,1.8,blue
61,42.287,-1.8,yellow
61,45.287,1.8,blue
61,45.287,-1.8,yellow
61,47.287,1.8,blue
61,47.287,-1.8,yellow
61,49.287,1.8,blue
61,49.287,-1.8,yellow
61,52.287,1.8,blue
61,52.287,-1.8,yellow
61,55.287,1.8,blue
61,55.287,-1.8,yellow
62,40.062,1.8,blue
62,40.062,-1.8,yellow
62,43.062,1.8,blue
62,43.062,-1.8,yellow
62,46.062,1.8,blue
62,46.062,-1.8,yellow
62,48.062,1.8,blue
62,48.062,-1.8,yellow
62,50.062,1.8,blue
62,50.062,-1.8,yellow
62,53.062,1.8,blue
62,53.062,-1.8,yellow
62,56.062,1.8,blue
62,56.062,-1.8,yellow
63,40.837,1.8,blue
63,40.837,-1.8,yellow
63,43.837,1.8,blue
63,43.837,-1.8,yellow
63,46.837,1.8,blue
63,46.837,-1.8,yellow
63,48.837,1.8,blue
63,48.837,-1.8,yellow
63,50.837,1.8,blue
63,50.837,-1.8,yellow
63,53.837,1.8,blue
63,53.837,-1.8,yellow
63,56.837,1.8,blue
63,56.837,-1.8,yellow
63,46.837,1.8,blue
64,41.612,1.8,blue
64,41.612,-1.8,yellow
64,44.612,1.8,blue
64,44.612,-1.8,yellow
64,47.612,1.8,blue
64,47.612,-1.8,yellow
64,49.612,1.8,blue
64,49.612,-1.8,yellow
64,51.612,1.8,blue
64,51.612,-1.8,yellow
64,54.612,1.8,blue
64,54.612,-1.8,yellow
64,57.612,1.8,blue
64,57.612,-1.8,yellow
65,42.388,1.8,blue
65,42.388,-1.8,yellow
65,45.388,1.8,blue
65,45.388,-1.8,yellow
65,48.388,1.8,blue
65,48.388,-1.8,yellow
65,50.388,1.8,blue
65,50.388,-1.8,yellow
65,52.388,1.8,blue
65,52.388,-1.8,yellow
65,55.388,1.8,blue
65,55.388,-1.8,yellow
65,58.388,1.8,blue
65,58.388,-1.8,yellow
66,43.163,1.8,blue
66,43.163,-1.8,yellow
66,46.163,1.8,blue
66,46.163,-1.8,yellow
66,49.163,1.8,blue
66,49.163,-1.8,yellow
66,51.163,1.8,blue
66,51.163,-1.8,yellow
66,53.163,1.8,blue
66,53.163,-1.8,yellow
66,56.163,1.8,blue
66,56.163,-1.8,yellow
66,59.163,1.8,blue
66,59.163,-1.8,yellow
67,43.938,1.8,blue
67,43.938,-1.8,yellow
67,46.938,1.8,blue
67,46.938,-1.8,yellow
67,49.938,1.8,blue
67,49.938,-1.8,yellow
67,51.938,1.8,blue
67,51.938,-1.8,yellow
67,53.938,1.8,blue
67,53.938,-1.8,yellow
67,56.938,1.8,blue
67,56.938,-1.8,yellow
67,59.938,1.8,blue
67,59.938,-1.8,yellow
68,44.713,1.8,blue
68,44.713,-1.8,yellow
68,47.713,1.8,blue
68,47.713,-1.8,yellow
68,50.713,1.8,blue
68,50.713,-1.8,yellow
68,52.713,1.8,blue
68,52.713,-1.8,yellow
68,54.713,1.8,blue
68,54.713,-1.8,yellow
68,57.713,1.8,blue
68,57.713,-1.8,yellow
68,60.713,1.8,blue
68,60.713,-1.8,yellow
69,45.488,1.8,blue
69,45.488,-1.8,yellow
69,48.488,1.8,blue
69,48.488,-1.8,yellow
69,51.488,1.8,blue
69,51.488,-1.8,yellow
69,53.488,1.8,blue
69,53.488,-1.8,yellow
69,55.488,1.8,blue
69,55.488,-1.8,yellow
69,58.488,1.8,blue
69,58.488,-1.8,yellow
69,61.488,1.8,blue
69,61.488,-1.8,yellow
70,46.264,1.8,blue
70,46.264,-1.8,yellow
70,49.264,1.8,blue
70,49.264,-1.8,yellow
70,52.264,1.8,blue
70,52.264,-1.8,yellow
70,54.264,1.8,blue
70,54.264,-1.8,yellow
70,56.264,1.8,blue
70,56.264,-1.8,yellow
70,59.264,1.8,blue
70,59.264,-1.8,yellow
70,62.264,1.8,blue
70,62.264,-1.8,yellow
70,56.264,-1.8,yellow
71,47.039,1.8,blue
71,47.039,-1.8,yellow
71,50.039,1.8,blue
71,50.039,-1.8,yellow
71,53.039,1.8,blue
71,53.039,-1.8,yellow
71,55.039,1.8,blue
71,55.039,-1.8,yellow
71,57.039,1.8,blue
71,57.039,-1.8,yellow
71,60.039,1.8,blue
71,60.039,-1.8,yellow
71,63.039,1.8,blue
71,63.039,-1.8,yellow
72,47.814,1.8,blue
72,47.814,-1.8,yellow
72,50.814,1.8,blue
72,50.814,-1.8,yellow
72,53.814,1.8,blue
72,53.814,-1.8,yellow
72,55.814,1.8,blue
72,55.814,-1.8,yellow
72,57.814,1.8,blue
72,57.814,-1.8,yellow
72,60.814,1.8,blue
72,60.814,-1.8,yellow
72,63.814,1.8,blue
72,63.814,-1.8,yellow
72,53.814,1.8,blue
73,48.589,1.8,blue
73,48.589,-1.8,yellow
73,51.589,1.8,blue
73,51.589,-1.8,yellow
73,54.589,1.8,blue
73,54.589,-1.8,yellow
73,56.589,1.8,blue
73,56.589,-1.8,yellow
73,58.589,1.8,blue
73,58.589,-1.8,yellow
73,61.589,1.8,blue
73,61.589,-1.8,yellow
73,64.589,1.8,blue
73,64.589,-1.8,yellow
74,49.364,1.8,blue
74,49.364,-1.8,yellow
74,52.364,1.8,blue
74,52.364,-1.8,yellow
74,55.364,1.8,blue
74,55.364,-1.8,yellow
74,57.364,1.8,blue
74,57.364,-1.8,yellow
74,59.364,1.8,blue
74,59.364,-1.8,yellow
74,62.364,1.8,blue
74,62.364,-1.8,yellow
74,65.364,1.8,blue
74,65.364,-1.8,yellow
75,50.14,1.8,blue
75,50.14,-1.8,yellow
75,53.14,1.8,blue
75,53.14,-1.8,yellow
75,56.14,1.8,blue
75,56.14,-1.8,yellow
75,58.14,1.8,blue
75,58.14,-1.8,yellow
75,60.14,1.8,blue
75,60.14,-1.8,yellow
75,63.14,1.8,blue
75,63.14,-1.8,yellow
75,66.14,1.8,blue
75,66.14,-1.8,yellow
76,50.915,1.8,blue
76,50.915,-1.8,yellow
76,53.915,1.8,blue
76,53.915,-1.8,yellow
76,56.915,1.8,blue
76,56.915,-1.8,yellow
76,58.915,1.8,blue
76,58.915,-1.8,yellow
76,60.915,1.8,blue
76,60.915,-1.8,yellow
76,63.915,1.8,blue
76,63.915,-1.8,yellow
76,66.915,1.8,blue
76,66.915,-1.8,yellow
77,51.69,1.8,blue
77,51.69,-1.8,yellow
77,54.69,1.8,blue
77,54.69,-1.8,yellow
77,57.69,1.8,blue
77,57.69,-1.8,yellow
77,59.69,1.8,blue
77,59.69,-1.8,yellow
77,61.69,1.8,blue
77,61.69,-1.8,yellow
77,64.69,1.8,blue
77,64.69,-1.8,yellow
77,67.69,1.8,blue
77,67.69,-1.8,yellow
78,52.465,1.8,blue
78,52.465,-1.8,yellow
78,55.465,1.8,blue
78,55.465,-1.8,yellow
78,58.465,1.8,blue
78,58.465,-1.8,yellow
78,60.465,1.8,blue
78,60.465,-1.8,yellow
78,62.465,1.8,blue
78,62.465,-1.8,yellow
78,65.465,1.8,blue
78,65.465,-1.8,yellow
78,68.465,1.8,blue
78,68.465,-1.8,yellow
79,53.24,1.8,blue
79,53.24,-1.8,yellow
79,56.24,1.8,blue
79,56.24,-1.8,yellow
79,59.24,1.8,blue
79,59.24,-1.8,yellow
79,61.24,1.8,blue
79,61.24,-1.8,yellow
79,63.24,1.8,blue
79,63.24,-1.8,yellow
79,66.24,1.8,blue
79,66.24,-1.8,yellow
79,69.24,1.8,blue
79,69.24,-1.8,yellow
80,54.016,1.8,blue
80,54.016,-1.8,yellow
80,57.016,1.8,blue
80,57.016,-1.8,yellow
80,60.016,1.8,blue
80,60.016,-1.8,yellow
80,62.016,1.8,blue
80,62.016,-1.8,yellow
80,64.016,1.8,blue
80,64.016,-1.8,yellow
80,67.016,1.8,blue
80,67.016,-1.8,yellow
80,70.016,1.8,blue
80,70.016,-1.8,yellow
81,54.791,1.8,blue
81,54.791,-1.8,yellow
81,57.791,1.8,blue
81,57.791,-1.8,yellow
81,60.791,1.8,blue
81,60.791,-1.8,yellow
81,62.791,1.8,blue
81,62.791,-1.8,yellow
81,64.791,1.8,blue
81,64.791,-1.8,yellow
81,67.791,1.8,blue
81,67.791,-1.8,yellow
81,70.791,1.8,blue
81,70.791,-1.8,yellow
81,60.791,1.8,blue
82,55.566,1.8,blue
82,55.566,-1.8,yellow
82,58.566,1.8,blue
82,58.566,-1.8,yellow
82,61.566,1.8,blue
82,61.566,-1.8,yellow
82,63.566,1.8,blue
82,63.566,-1.8,yellow
82,65.566,1.8,blue
82,65.566,-1.8,yellow
82,68.566,1.8,blue
82,68.566,-1.8,yellow
82,71.566,1.8,blue
82,71.566,-1.8,yellow
83,56.341,1.8,blue
83,56.341,-1.8,yellow
83,59.341,1.8,blue
83,59.341,-1.8,yellow
83,62.341,1.8,blue
83,62.341,-1.8,yellow
83,64.341,1.8,blue
83,64.341,-1.8,yellow
83,66.341,1.8,blue
83,66.341,-1.8,yellow
83,69.341,1.8,blue
83,69.341,-1.8,yellow
83,72.341,1.8,blue
83,72.341,-1.8,yellow
84,57.116,1.8,blue
84,57.116,-1.8,yellow
84,60.116,1.8,blue
84,60.116,-1.8,yellow
84,63.116,1.8,blue
84,63.116,-1.8,yellow
84,65.116,1.8,blue
84,65.116,-1.8,yellow
84,67.116,1.8,blue
84,67.116,-1.8,yellow
84,70.116,1.8,blue
84,70.116,-1.8,yellow
84,73.116,1.8,blue
84,73.116,-1.8,yellow
84,67.116,-1.8,yellow
85,57.891,1.8,blue
85,57.891,-1.8,yellow
85,60.891,1.8,blue
85,60.891,-1.8,yellow
85,63.891,1.8,blue
85,63.891,-1.8,yellow
85,65.891,1.8,blue
85,65.891,-1.8,yellow
85,67.891,1.8,blue
85,67.891,-1.8,yellow
85,70.891,1.8,blue
85,70.891,-1.8,yellow
85,73.891,1.8,blue
85,73.891,-1.8,yellow
86,58.667,1.8,blue
86,58.667,-1.8,yellow
86,61.667,1.8,blue
86,61.667,-1.8,yellow
86,64.667,1.8,blue
86,64.667,-1.8,yellow
86,66.667,1.8,blue
86,66.667,-1.8,yellow
86,68.667,1.8,blue
86,68.667,-1.8,yellow
86,71.667,1.8,blue
86,71.667,-1.8,yellow
86,74.667,1.8,blue
86,74.667,-1.8,yellow
87,59.442,1.8,blue
87,59.442,-1.8,yellow
87,62.442,1.8,blue
87,62.442,-1.8,yellow
87,65.442,1.8,blue
87,65.442,-1.8,yellow
87,67.442,1.8,blue
87,67.442,-1.8,yellow
87,69.442,1.8,blue
87,69.442,-1.8,yellow
87,72.442,1.8,blue
87,72.442,-1.8,yellow
87,75.442,1.8,blue
87,75.442,-1.8,yellow
88,60.217,1.8,blue
88,60.217,-1.8,yellow
88,63.217,1.8,blue
88,63.217,-1.8,yellow
88,66.217,1.8,blue
88,66.217,-1.8,yellow
88,68.217,1.8,blue
88,68.217,-1.8,yellow
88,70.217,1.8,blue
88,70.217,-1.8,yellow
88,73.217,1.8,blue
88,73.217,-1.8,yellow
88,76.217,1.8,blue
88,76.217,-1.8,yellow
89,60.992,1.8,blue
89,60.992,-1.8,yellow
89,63.992,1.8,blue
89,63.992,-1.8,yellow
89,66.992,1.8,blue
89,66.992,-1.8,yellow
89,68.992,1.8,blue
89,68.992,-1.8,yellow
89,70.992,1.8,blue
89,70.992,-1.8,yellow
89,73.992,1.8,blue
89,73.992,-1.8,yellow
89,76.992,1.8,blue
89,76.992,-1.8,yellow
90,61.767,1.8,blue
90,61.767,-1.8,yellow
90,64.767,1.8,blue
90,64.767,-1.8,yellow
90,67.767,1.8,blue
90,67.767,-1.8,yellow
90,69.767,1.8,blue
90,69.767,-1.8,yellow
90,71.767,1.8,blue
90,71.767,-1.8,yellow
90,74.767,1.8,blue
90,74.767,-1.8,yellow
90,77.767,1.8,blue
90,77.767,-1.8,yellow
90,67.767,1.8,blue
91,62.543,1.8,blue
91,62.543,-1.8,yellow
91,65.543,1.8,blue
91,65.543,-1.8,yellow
91,68.543,1.8,blue
91,68.543,-1.8,yellow
91,70.543,1.8,blue
91,70.543,-1.8,yellow
91,72.543,1.8,blue
91,72.543,-1.8,yellow
91,75.543,1.8,blue
91,75.543,-1.8,yellow
91,78.543,1.8,blue
91,78.543,-1.8,yellow
92,63.318,1.8,blue
92,63.318,-1.8,yellow
92,66.318,1.8,blue
92,66.318,-1.8,yellow
92,69.318,1.8,blue
92,69.318,-1.8,yellow
92,71.318,1.8,blue
92,71.318,-1.8,yellow
92,73.318,1.8,blue
92,73.318,-1.8,yellow
92,76.318,1.8,blue
92,76.318,-1.8,yellow
92,79.318,1.8,blue
92,79.318,-1.8,yellow
93,64.093,1.8,blue
93,64.093,-1.8,yellow
93,67.093,1.8,blue
93,67.093,-1.8,yellow
93,70.093,1.8,blue
93,70.093,-1.8,yellow
93,72.093,1.8,blue
93,72.093,-1.8,yellow
93,74.093,1.8,blue
93,74.093,-1.8,yellow
93,77.093,1.8,blue
93,77.093,-1.8,yellow
93,80.093,1.8,blue
93,80.093,-1.8,yellow
94,64.868,1.8,blue
94,64.868,-1.8,yellow
94,67.868,1.8,blue
94,67.868,-1.8,yellow
94,70.868,1.8,blue
94,70.868,-1.8,yellow
94,72.868,1.8,blue
94,72.868,-1.8,yellow
94,74.868,1.8,blue
94,74.868,-1.8,yellow
94,77.868,1.8,blue
94,77.868,-1.8,yellow
94,80.868,1.8,blue
94,80.868,-1.8,yellow
95,65.643,1.8,blue
95,65.643,-1.8,yellow
95,68.643,1.8,blue
95,68.643,-1.8,yellow
95,71.643,1.8,blue
95,71.643,-1.8,yellow
95,73.643,1.8,blue
95,73.643,-1.8,yellow
95,75.643,1.8,blue
95,75.643,-1.8,yellow
95,78.643,1.8,blue
95,78.643,-1.8,yellow
95,81.643,1.8,blue
95,81.643,-1.8,yellow
96,66.419,1.8,blue
96,66.419,-1.8,yellow
96,69.419,1.8,blue
96,69.419,-1.8,yellow
96,72.419,1.8,blue
96,72.419,-1.8,yellow
96,74.419,1.8,blue
96,74.419,-1.8,yellow
96,76.419,1.8,blue
96,76.419,-1.8,yellow
96,79.419,1.8,blue
96,79.419,-1.8,yellow
96,82.419,1.8,blue
96,82.419,-1.8,yellow
97,67.194,1.8,blue
97,67.194,-1.8,yellow
97,70.194,1.8,blue
97,70.194,-1.8,yellow
97,73.194,1.8,blue
97,73.194,-1.8,yellow
97,75.194,1.8,blue
97,75.194,-1.8,yellow
97,77.194,1.8,blue
97,77.194,-1.8,yellow
97,80.194,1.8,blue
97,80.194,-1.8,yellow
97,83.194,1.8,blue
97,83.194,-1.8,yellow
98,67.969,1.8,blue
98,67.969,-1.8,yellow
98,70.969,1.8,blue
98,70.969,-1.8,yellow
98,73.969,1.8,blue
98,73.969,-1.8,yellow
98,75.969,1.8,blue
98,75.969,-1.8,yellow
98,77.969,1.8,blue
98,77.969,-1.8,yellow
98,80.969,1.8,blue
98,80.969,-1.8,yellow
98,83.969,1.8,blue
98,83.969,-1.8,yellow
98,77.969,-1.8,yellow
99,68.744,1.8,blue
99,68.744,-1.8,yellow
99,71.744,1.8,blue
99,71.744,-1.8,yellow
99,74.744,1.8,blue
99,74.744,-1.8,yellow
99,76.744,1.8,blue
99,76.744,-1.8,yellow
99,78.744,1.8,blue
99,78.744,-1.8,yellow
99,81.744,1.8,blue
99,81.744,-1.8,yellow
99,84.744,1.8,blue
99,84.744,-1.8,yellow
99,74.744,1.8,blue
100,69.519,1.8,blue
100,69.519,-1.8,yellow
100,72.519,1.8,blue
100,72.519,-1.8,yellow
100,75.519,1.8,blue
100,75.519,-1.8,yellow
100,77.519,1.8,blue
100,77.519,-1.8,yellow
100,79.519,1.8,blue
100,79.519,-1.8,yellow
100,82.519,1.8,blue
100,82.519,-1.8,yellow
100,85.519,1.8,blue
100,85.519,-1.8,yellow
101,70.295,1.8,blue
101,70.295,-1.8,yellow
101,73.295,1.8,blue
101,73.295,-1.8,yellow
101,76.295,1.8,blue
101,76.295,-1.8,yellow
101,78.295,1.8,blue
101,78.295,-1.8,yellow
101,80.295,1.8,blue
101,80.295,-1.8,yellow
101,83.295,1.8,blue
101,83.295,-1.8,yellow
101,86.295,1.8,blue
101,86.295,-1.8,yellow
102,71.07,1.8,blue
102,71.07,-1.8,yellow
102,74.07,1.8,blue
102,74.07,-1.8,yellow
102,77.07,1.8,blue
102,77.07,-1.8,yellow
102,79.07,1.8,blue
102,79.07,-1.8,yellow
102,81.07,1.8,blue
102,81.07,-1.8,yellow
102,84.07,1.8,blue
102,84.07,-1.8,yellow
102,87.07,1.8,blue
102,87.07,-1.8,yellow
103,71.845,1.8,blue
103,71.845,-1.8,yellow
103,74.845,1.8,blue
103,74.845,-1.8,yellow
103,77.845,1.8,blue
103,77.845,-1.8,yellow
103,79.845,1.8,blue
103,79.845,-1.8,yellow
103,81.845,1.8,blue
103,81.845,-1.8,yellow
103,84.845,1.8,blue
103,84.845,-1.8,yellow
103,87.845,1.8,blue
103,87.845,-1.8,yellow
104,72.62,1.8,blue
104,72.62,-1.8,yellow
104,75.62,1.8,blue
104,75.62,-1.8,yellow
104,78.62,1.8,blue
104,78.62,-1.8,yellow
104,80.62,1.8,blue
104,80.62,-1.8,yellow
104,82.62,1.8,blue
104,82.62,-1.8,yellow
104,85.62,1.8,blue
104,85.62,-1.8,yellow
104,88.62,1.8,blue
104,88.62,-1.8,yellow
105,73.395,1.8,blue
105,73.395,-1.8,yellow
105,76.395,1.8,blue
105,76.395,-1.8,yellow
105,79.395,1.8,blue
105,79.395,-1.8,yellow
105,81.395,1.8,blue
105,81.395,-1.8,yellow
105,83.395,1.8,blue
105,83.395,-1.8,yellow
105,86.395,1.8,blue
105,86.395,-1.8,yellow
105,89.395,1.8,blue
105,89.395,-1.8,yellow
106,74.171,1.8,blue
106,74.171,-1.8,yellow
106,77.171,1.8,blue
106,77.171,-1.8,yellow
106,80.171,1.8,blue
106,80.171,-1.8,yellow
106,82.171,1.8,blue
106,82.171,-1.8,yellow
106,84.171,1.8,blue
106,84.171,-1.8,yellow
106,87.171,1.8,blue
106,87.171,-1.8,yellow
106,90.171,1.8,blue
106,90.171,-1.8,yellow
107,74.946,1.8,blue
107,74.946,-1.8,yellow
107,77.946,1.8,blue
107,77.946,-1.8,yellow
107,80.946,1.8,blue
107,80.946,-1.8,yellow
107,82.946,1.8,blue
107,82.946,-1.8,yellow
107,84.946,1.8,blue
107,84.946,-1.8,yellow
107,87.946,1.8,blue
107,87.946,-1.8,yellow
107,90.946,1.8,blue
107,90.946,-1.8,yellow
108,75.721,1.8,blue
108,75.721,-1.8,yellow
108,78.721,1.8,blue
108,78.721,-1.8,yellow
108,81.721,1.8,blue
108,81.721,-1.8,yellow
108,83.721,1.8,blue
108,83.721,-1.8,yellow
108,85.721,1.8,blue
108,85.721,-1.8,yellow
108,88.721,1.8,blue
108,88.721,-1.8,yellow
108,91.721,1.8,blue
108,91.721,-1.8,yellow
108,81.721,1.8,blue
109,76.496,1.8,blue
109,76.496,-1.8,yellow
109,79.496,1.8,blue
109,79.496,-1.8,yellow
109,82.496,1.8,blue
109,82.496,-1.8,yellow
109,84.496,1.8,blue
109,84.496,-1.8,yellow
109,86.496,1.8,blue
109,86.496,-1.8,yellow
109,89.496,1.8,blue
109,89.496,-1.8,yellow
109,92.496,1.8,blue
109,92.496,-1.8,yellow
110,77.271,1.8,blue
110,77.271,-1.8,yellow
110,80.271,1.8,blue
110,80.271,-1.8,yellow
110,83.271,1.8,blue
110,83.271,-1.8,yellow
110,85.271,1.8,blue
110,85.271,-1.8,yellow
110,87.271,1.8,blue
110,87.271,-1.8,yellow
110,90.271,1.8,blue
110,90.271,-1.8,yellow
110,93.271,1.8,blue
110,93.271,-1.8,yellow
111,78.047,1.8,blue
111,78.047,-1.8,yellow
111,81.047,1.8,blue
111,81.047,-1.8,yellow
111,84.047,1.8,blue
111,84.047,-1.8,yellow
111,86.047,1.8,blue
111,86.047,-1.8,yellow
111,88.047,1.8,blue
111,88.047,-1.8,yellow
111,91.047,1.8,blue
111,91.047,-1.8,yellow
111,94.047,1.8,blue
111,94.047,-1.8,yellow
112,78.822,1.8,blue
112,78.822,-1.8,yellow
112,81.822,1.8,blue
112,81.822,-1.8,yellow
112,84.822,1.8,blue
112,84.822,-1.8,yellow
112,86.822,1.8,blue
112,86.822,-1.8,yellow
112,88.822,1.8,blue
112,88.822,-1.8,yellow
112,91.822,1.8,blue
112,91.822,-1.8,yellow
112,94.822,1.8,blue
112,94.822,-1.8,yellow
112,88.822,-1.8,yellow
113,79.597,1.8,blue
113,79.597,-1.8,yellow
113,82.597,1.8,blue
113,82.597,-1.8,yellow
113,85.597,1.8,blue
113,85.597,-1.8,yellow
113,87.597,1.8,blue
113,87.597,-1.8,yellow
113,89.597,1.8,blue
113,89.597,-1.8,yellow
113,92.597,1.8,blue
113,92.597,-1.8,yellow
113,95.597,1.8,blue
113,95.597,-1.8,yellow
114,80.372,1.8,blue
114,80.372,-1.8,yellow
114,83.372,1.8,blue
114,83.372,-1.8,yellow
114,86.372,1.8,blue
114,86.372,-1.8,yellow
114,88.372,1.8,blue
114,88.372,-1.8,yellow
114,90.372,1.8,blue
114,90.372,-1.8,yellow
114,93.372,1.8,blue
114,93.372,-1.8,yellow
114,96.372,1.8,blue
114,96.372,-1.8,yellow
115,81.147,1.8,blue
115,81.147,-1.8,yellow
115,84.147,1.8,blue
115,84.147,-1.8,yellow
115,87.147,1.8,blue
115,87.147,-1.8,yellow
115,89.147,1.8,blue
115,89.147,-1.8,yellow
115,91.147,1.8,blue
115,91.147,-1.8,yellow
115,94.147,1.8,blue
115,94.147,-1.8,yellow
115,97.147,1.8,blue
115,97.147,-1.8,yellow
116,81.922,1.8,blue
116,81.922,-1.8,yellow
116,84.922,1.8,blue
116,84.922,-1.8,yellow
116,87.922,1.8,blue
116,87.922,-1.8,yellow
116,89.922,1.8,blue
116,89.922,-1.8,yellow
116,91.922,1.8,blue
116,91.922,-1.8,yellow
116,94.922,1.8,blue
116,94.922,-1.8,yellow
116,97.922,1.8,blue
116,97.922,-1.8,yellow
117,82.698,1.8,blue
117,82.698,-1.8,yellow
117,85.698,1.8,blue
117,85.698,-1.8,yellow
117,88.698,1.8,blue
117,88.698,-1.8,yellow
117,90.698,1.8,blue
117,90.698,-1.8,yellow
117,92.698,1.8,blue
117,92.698,-1.8,yellow
117,95.698,1.8,blue
117,95.698,-1.8,yellow
117,98.698,1.8,blue
117,98.698,-1.8,yellow
117,88.698,1.8,blue
118,83.473,1.8,blue
118,83.473,-1.8,yellow
118,86.473,1.8,blue
118,86.473,-1.8,yellow
118,89.473,1.8,blue
118,89.473,-1.8,yellow
118,91.473,1.8,blue
118,91.473,-1.8,yellow
118,93.473,1.8,blue
118,93.473,-1.8,yellow
118,96.473,1.8,blue
118,96.473,-1.8,yellow
118,99.473,1.8,blue
118,99.473,-1.8,yellow
119,84.248,1.8,blue
119,84.248,-1.8,yellow
119,87.248,1.8,blue
119,87.248,-1.8,yellow
119,90.248,1.8,blue
119,90.248,-1.8,yellow
119,92.248,1.8,blue
119,92.248,-1.8,yellow
119,94.248,1.8,blue
119,94.248,-1.8,yellow
119,97.248,1.8,blue
119,97.248,-1.8,yellow
119,100.0,1.8,blue
119,100.0,-1.8,yellow
120,85.023,1.8,blue
120,85.023,-1.8,yellow
120,88.023,1.8,blue
120,88.023,-1.8,yellow
120,91.023,1.8,blue
120,91.023,-1.8,yellow
120,93.023,1.8,blue
120,93.023,-1.8,yellow
120,95.023,1.8,blue
120,95.023,-1.8,yellow
120,98.023,1.8,blue
120,98.023,-1.8,yellow
120,100.0,1.8,blue
120,100.0,-1.8,yellow
121,85.798,1.8,blue
121,85.798,-1.8,yellow
121,88.798,1.8,blue
121,88.798,-1.8,yellow
121,91.798,1.8,blue
121,91.798,-1.8,yellow
121,93.798,1.8,blue
121,93.798,-1.8,yellow
121,95.798,1.8,blue
121,95.798,-1.8,yellow
121,98.798,1.8,blue
121,98.798,-1.8,yellow
121,100.0,1.8,blue
121,100.0,-1.8,yellow
122,86.574,1.8,blue
122,86.574,-1.8,yellow
122,89.574,1.8,blue
122,89.574,-1.8,yellow
122,92.574,1.8,blue
122,92.574,-1.8,yellow
122,94.574,1.8,blue
122,94.574,-1.8,yellow
122,96.574,1.8,blue
122,96.574,-1.8,yellow
122,99.574,1.8,blue
122,99.574,-1.8,yellow
122,100.0,1.8,blue
122,100.0,-1.8,yellow
123,87.349,1.8,blue
123,87.349,-1.8,yellow
123,90.349,1.8,blue
123,90.349,-1.8,yellow
123,93.349,1.8,blue
123,93.349,-1.8,yellow
123,95.349,1.8,blue
123,95.349,-1.8,yellow
123,97.349,1.8,blue
123,97.349,-1.8,yellow
123,100.0,1.8,blue
123,100.0,-1.8,yellow
123,100.0,1.8,blue
123,100.0,-1.8,yellow
124,88.124,1.8,blue
124,88.124,-1.8,yellow
124,91.124,1.8,blue
124,91.124,-1.8,yellow
124,94.124,1.8,blue
124,94.124,-1.8,yellow
124,96.124,1.8,blue
124,96.124,-1.8,yellow
124,98.124,1.8,blue
124,98.124,-1.8,yellow
124,100.0,1.8,blue
124,100.0,-1.8,yellow
124,100.0,1.8,blue
124,100.0,-1.8,yellow
125,88.899,1.8,blue
125,88.899,-1.8,yellow
125,91.899,1.8,blue
125,91.899,-1.8,yellow
125,94.899,1.8,blue
125,94.899,-1.8,yellow
125,96.899,1.8,blue
125,96.899,-1.8,yellow
125,98.899,1.8,blue
125,98.899,-1.8,yellow
125,100.0,1.8,blue
125,100.0,-1.8,yellow
125,100.0,1.8,blue
125,100.0,-1.8,yellow
126,89.674,1.8,blue
126,89.674,-1.8,yellow
126,92.674,1.8,blue
126,92.674,-1.8,yellow
126,95.674,1.8,blue
126,95.674,-1.8,yellow
126,97.674,1.8,blue
126,97.674,-1.8,yellow
126,99.674,1.8,blue
126,99.674,-1.8,yellow
126,100.0,1.8,blue
126,100.0,-1.8,yellow
126,100.0,1.8,blue
126,100.0,-1.8,yellow
126,95.674,1.8,blue
126,99.674,-1.8,yellow
127,90.45,1.8,blue
127,90.45,-1.8,yellow
127,93.45,1.8,blue
127,93.45,-1.8,yellow
127,96.45,1.8,blue
127,96.45,-1.8,yellow
127,98.45,1.8,blue
127,98.45,-1.8,yellow
127,100.0,1.8,blue
127,100.0,-1.8,yellow
127,100.0,1.8,blue
127,100.0,-1.8,yellow
127,100.0,1.8,blue
127,100.0,-1.8,yellow
128,91.225,1.8,blue
128,91.225,-1.8,yellow
128,94.225,1.8,blue
128,94.225,-1.8,yellow
128,97.225,1.8,blue
128,97.225,-1.8,yellow
128,99.225,1.8,blue
128,99.225,-1.8,yellow
128,100.0,1.8,blue
128,100.0,-1.8,yellow
128,100.0,1.8,blue
128,100.0,-1.8,yellow
128,100.0,1.8,blue
128,100.0,-1.8,yellow
129,92.0,1.8,blue
129,92.0,-1.8,yellow
129,95.0,1.8,blue
129,95.0,-1.8,yellow
129,98.0,1.8,blue
129,98.0,-1.8,yellow
129,100.0,1.8,blue
129,100.0,-1.8,yellow
129,100.0,1.8,blue
129,100.0,-1.8,yellow
129,100.0,1.8,blue
129,100.0,-1.8,yellow
129,100.0,1.8,blue
129,100.0,-1.8,yellow
